,RS Predicted Data - RS,RS Predicted Data - RS_missing,RS Predicted Data - RS_missing_SG
p1g1_300_500_1,11.532669272734216,6.704415641739,5.251197222862791
p1g2_450_600_1,7.913553168272551,4.853774805256124,3.898630107521068
p1g3_350_440_9,16.410620105050747,9.901447318103138,6.147111784564325
p2g1_350_450_12,16.62681327323212,9.228036484717531,5.423617784089337
p2g2_550_700_1,12.436626786345853,8.71375140857075,6.942498266217001
p2g3_500_650_12,14.261811587570957,13.218809578903105,8.917412889268016
